[
  {"id":1,"title":"Qaafirana","artist":"Arijit Singh","file":"song/1.mp3","cover":"covers/1.jpg"},
  {"id":2,"title":"Dil Meri Na Sune","artist":"Various","file":"song/2.mp3","cover":"covers/2.jpg"},
  {"id":3,"title":"Humsafar","artist":"Badrinath","file":"song/3.mp3","cover":"covers/3.jpg"},
  {"id":4,"title":"Ik Vaari Aa","artist":"Rahat","file":"song/4.mp3","cover":"covers/4.jpg"},
  {"id":5,"title":"Raabta","artist":"Agent Vinod","file":"song/5.mp3","cover":"covers/5.jpg"},
  {"id":6,"title":"Raanjhanaa","artist":"A.R. Rahman","file":"song/6.mp3","cover":"covers/6.jpg"},
  {"id":7,"title":"Srivalli","artist":"Pushpa","file":"song/7.mp3","cover":"covers/7.jpg"},
  {"id":8,"title":"Tum Hi Ho Bandhu","artist":"Cocktail","file":"song/8.mp3","cover":"covers/8.jpg"},
  {"id":9,"title":"Tum Se Hi","artist":"Jab We Met","file":"song/9.mp3","cover":"covers/9.jpg"},
  {"id":10,"title":"Extra Track","artist":"Artist X","file":"song/10.mp3","cover":"covers/10.jpg"}
]
